representation,r2,rmse,mae,kfold_r2_mean,kfold_r2_std,kfold_rmse_mean,kfold_rmse_std
RDKit descriptors,0.2160632833966808,0.15049012865014275,0.11731786739515382,0.148856891514211,0.1563193801566057,0.1457124997567013,0.011717861672464754
Morgan fingerprint (ECFP4),0.2726065137546445,0.14496134653608622,0.11552257748488039,0.11003585654064299,0.1957578534814603,0.14836555524331715,0.00894811955876547
Seq2Seq encoder embedding,-3.5520956470199687,0.3626379074426006,0.20785622796104206,-8351.271361434738,16643.91231830279,6.873323876143836,12.3021327355817
