representation,r2,rmse,mae
RDKit descriptors,0.04073456036912848,0.5714594960238395,0.48375944791052417
Seq2Seq encoder embedding,0.09524029628626085,0.5549868330362432,0.44562068137024435
