representation,r2,rmse,mae,kfold_r2_mean,kfold_r2_std,kfold_rmse_mean,kfold_rmse_std
RDKit descriptors,0.04073456036912848,0.5714594960238395,0.4837594479105241,-0.009927586774230335,0.18218472970925348,0.5580115324138042,0.04287713274423061
Morgan fingerprint (ECFP4),0.3726852000418319,0.4621243170140543,0.33964992489904666,0.24165024230795845,0.18022534483168445,0.48091926525101913,0.03191188885373324
Seq2Seq encoder embedding,-7.6734010915261255,1.7183466081735688,0.9079872620116983,-25892.47748558123,51758.37190334826,43.45291975031642,83.58103790627683
