representation,r2,rmse,mae,kfold_r2_mean,kfold_r2_std,kfold_rmse_mean,kfold_rmse_std
RDKit descriptors,0.2160632833966808,0.15049012865014275,0.11731786739515382,0.148856891514211,0.1563193801566057,0.1457124997567013,0.011717861672464754
Morgan fingerprint (ECFP4),0.2726065137546445,0.14496134653608622,0.11552257748488039,0.11003585654064299,0.1957578534814603,0.14836555524331715,0.00894811955876547
Seq2Seq encoder embedding,0.3272669516519876,0.139408383765217,0.11024523355483377,0.012316205489472942,0.24385073148020228,0.1564930979872322,0.018552376169074868
