representation,r2,rmse,mae,kfold_r2_mean,kfold_r2_std,kfold_rmse_mean,kfold_rmse_std
RDKit descriptors,0.22169307170032404,0.8894207104686609,0.686136350498807,0.3313538319963749,0.12372819134009944,1.0318285644890208,0.20384447052254348
Morgan fingerprint (ECFP4),0.034630865843037095,0.9905547712044465,0.7830849043789928,0.09397103163117801,0.05274263004010627,1.1969288818702677,0.1473604048084176
Seq2Seq encoder embedding,-6.789786771954573,2.8138087427810627,1.5781858479835873,-3897.730021190981,7754.473751408645,45.67850768419005,80.52159697555516
