representation,r2,rmse,mae,kfold_r2_mean,kfold_r2_std,kfold_rmse_mean,kfold_rmse_std
RDKit descriptors,0.22169307170032382,0.889420710468661,0.686136350498807,0.3313538319963748,0.12372819134009938,1.0318285644890208,0.20384447052254348
Morgan fingerprint (ECFP4),0.034630865843037095,0.9905547712044465,0.783084904378993,0.0939710316311779,0.052742630040106306,1.1969288818702677,0.1473604048084175
Seq2Seq encoder embedding,-0.6390921863051955,1.290724279948487,1.0466182037035632,-1.3471854346325038,1.0630423589074065,1.867461197056101,0.4238439821653199
