representation,r2,rmse,mae,kfold_r2_mean,kfold_r2_std,kfold_rmse_mean,kfold_rmse_std
RDKit descriptors,0.04073456036912837,0.5714594960238395,0.4837594479105241,-0.009927586774230602,0.1821847297092539,0.5580115324138043,0.04287713274423059
Morgan fingerprint (ECFP4),0.37268520004183203,0.4621243170140542,0.33964992489904666,0.24165024230795842,0.18022534483168487,0.48091926525101913,0.03191188885373317
Seq2Seq encoder embedding,0.4861703870699936,0.4182400518619451,0.3279374309113764,0.3980584155432253,0.21345259599780622,0.42372257787345013,0.059609630557977356
