representation,r2,rmse,mae
RDKit descriptors,0.2160632833966808,0.15049012865014275,0.11731786739515385
Seq2Seq encoder embedding,-0.13874420540820287,0.18137632608009652,0.14126200572043618
