representation,r2,rmse,mae
RDKit descriptors,0.22169307170032337,0.8894207104686602,0.6861363504988062
Seq2Seq encoder embedding,-0.4307074995408544,1.205888674983038,1.0085631529117767
