representation,r2,rmse,mae,kfold_r2_mean,kfold_r2_std,kfold_rmse_mean,kfold_rmse_std
RDKit descriptors,0.04073456036912837,0.5714594960238395,0.4837594479105241,-0.009927586774230602,0.1821847297092539,0.5580115324138043,0.04287713274423059
Morgan fingerprint (ECFP4),0.37268520004183203,0.4621243170140542,0.33964992489904666,0.24165024230795842,0.18022534483168487,0.48091926525101913,0.03191188885373317
Seq2Seq encoder embedding,-0.5789157948795525,0.7331545589544723,0.5941184159691216,-1.1689658081870635,0.8964337634808955,0.7979979940268362,0.13843852243219873
