representation,r2,rmse,mae,kfold_r2_mean,kfold_r2_std,kfold_rmse_mean,kfold_rmse_std
RDKit descriptors,0.21606328339668057,0.15049012865014277,0.11731786739515385,0.14885689151421086,0.15631938015660582,0.14571249975670128,0.011717861672464764
Morgan fingerprint (ECFP4),0.2726065137546443,0.14496134653608625,0.11552257748488043,0.11003585654064323,0.19575785348146021,0.14836555524331715,0.008948119558765469
Seq2Seq encoder embedding,-0.15216545453652874,0.1824420466104342,0.137665306079264,-0.21386771065574167,0.19086225738468515,0.17462735661992118,0.017773927140127554
