epoch,train_loss,validation_loss
1,3.121139583072147,2.418283905301775
2,2.2650194296965727,2.1519593397776284
3,2.058700072443163,2.005610942840576
4,1.9230661823942854,1.8973791542507352
